{
  "breed": "Golden Retriever",
  "fid": 159.06785583496094,
  "clip_score": 24.00063301086426
}